{
  "F8PoxfK5E95UsokXbJkfNvCCW5abNt5cVKp1uvjopump" : {
    "MigrationTime": 662.717,
    "TP": "51.3",
    "transaction": "4kAtqWXevxWPoz6M3hxGN9cot3MjBzT8MocQB9qg72tSw8MhkH69R2SWPzMqD1BLWjrVQGqZuyasovXVou5rpGqj"
  },
  "FVrU9gUzi9wz1Mv2B8X5qGyoxYYh25DeuhWigSVupump": {
    "MigrationTime": 583.043,
    "TP": "110.66",
    "transaction": "wxRNnmgrANpDjW2Bxh5R7DHDvenNzLExqVhnXWLm4TnQDzzxfvHZ9XVtpJfGjsDG8W4wzXxnutXwLQ33VzRMj4o"
  },
  "J1qnMAx5KKaUCRAZup6gMba6zv9ycYXxEeNh5kTpump": {
    "MigrationTime": 2022.856,
    "TP": false
  },
  "9zM9BJy5XmWxgsgGmRNTsA76awgUYDgubkwnhbqqpump": {
    "MigrationTime": 951.393,
    "TP": true
  },
  "AnGzGiQ6ddzdqWDuWy6vmibqDv8rsT2QKhcgDrwTpump": {
    "MigrationTime": 10457.073,
    "TP": true
  },
  "DQKKJFkHGShXkH3dvRGokRNBzEs9YCFmXWtMyFDrpump": {
    "MigrationTime": 2225825.072,
    "TP": true
  },
  "3jdFpukCyrwRcC38JyDvKhdccxf19giiYRSnpTrJpump": {
    "MigrationTime": 3543,
    "TP": false
  },
  "12mqsWsrNRTCbWS3PXBcx7qhFVuSHKDEA6fTNLc8pump": {
    "MigrationTime": 406,
    "TP": false
  }
}